peptide,allele,Immunogenicity
NVFAFPFTIY,HLA-B*15:01,0.6489204645156861
IEYPIIGDEL,HLA-B*40:01,0.6964880585670471
SELVIGAVIL,HLA-B*40:01,0.6792334854602814
GYINVFAFPF,HLA-A*24:02,0.6826720297336578
IQYIDIGNY,HLA-B*15:01,0.6533500730991364
FLAFVVFLL,HLA-A*02:01,0.6186084151268005
KVSIWNLDY,HLA-B*15:01,0.6175761044025421
FIAGLIAIV,HLA-A*02:01,0.6846851408481598
KLFAAETLK,HLA-A*03:01,0.7074961304664612
VTLAILTALR,HLA-A*11:01,0.6477613568305969
QYIKWPWYI,HLA-A*24:02,0.6680383801460266
NPANNAAIVL,HLA-B*07:02,0.6176895022392273
QRNAPRITF,HLA-C*07:02,0.6687141120433807
LEYHDVRVVL,HLA-B*40:01,0.6681512832641602
SYFIASFRLF,HLA-A*24:02,0.679656571149826
YIDIGNYTV,HLA-A*02:01,0.638324785232544
KLLEQWNLV,HLA-A*02:01,0.6706494092941284
EYHDVRVVL,HLA-C*07:02,0.6091375768184661
GTITVEELKK,HLA-A*11:01,0.7035497307777405
VRFPNITNL,HLA-C*07:02,0.6858278036117553
IRQEEVQEL,HLA-C*07:02,0.6809100389480591
NYMPYFFTL,HLA-C*07:02,0.6443466007709503
GTGPEAGLPY,HLA-A*01:01,0.6756490588188171
RQEEVQELY,HLA-B*15:01,0.6128335475921631
RQEEVQELY,HLA-A*01:01,0.6090330243110657
ASMPTTIAK,HLA-A*11:01,0.652524882555008
NRFLYIIKL,HLA-C*07:02,0.6685474157333374
TPINLVRDL,HLA-B*07:02,0.595166677236557
RIAGHHLGR,HLA-A*03:01,0.6757155656814575
WLSYFIASF,HLA-B*15:01,0.6034699976444244
ATEGALNTPK,HLA-A*11:01,0.670856487751007
FIRQEEVQEL,HLA-A*02:01,0.5941161990165711
ASKIITLKK,HLA-A*11:01,0.6287592053413391
KKADETQAL,HLA-C*07:02,0.5836755633354187
MEVTPSGTWL,HLA-B*40:01,0.6713333666324616
SPDDQIGYY,HLA-A*01:01,0.6229500710964203
AEIVDTVSAL,HLA-B*40:01,0.6906026363372803
VYIGDPAQL,HLA-A*24:02,0.6718038380146026
APHGHVMVEL,HLA-B*07:02,0.6579413294792176
AGDSGFAAY,HLA-A*01:01,0.6331840276718139
NESLIDLQEL,HLA-B*40:01,0.6834268808364868
FLYLYALVY,HLA-B*15:01,0.6287364661693573
APFLYLYAL,HLA-B*07:02,0.5862622559070587
ASAFFGMSR,HLA-A*11:01,0.5931536376476287
FPFTIYSLLL,HLA-B*07:02,0.5766755282878876
SVLNDILSR,HLA-A*11:01,0.6522002279758453
RPLLESELVI,HLA-B*07:02,0.6101487398147583
LTDEMIAQY,HLA-A*01:01,0.6900826632976532
VTYVPAQEK,HLA-A*03:01,0.6581148982048035
KTFPPTEPKK,HLA-A*03:01,0.7265146732330322
FPRGQGVPI,HLA-B*07:02,0.6778221964836121
TTDPSFLGRY,HLA-A*01:01,0.7332192182540893
KPSFYVYSRV,HLA-B*07:02,0.5963100552558899
LLNKHIDAY,HLA-B*15:01,0.6154951751232147
LLLLDRLNQL,HLA-A*02:01,0.6229885995388031
HPLADNKFAL,HLA-B*07:02,0.6202246725559235
YEGNSPFHPL,HLA-B*40:01,0.6933477759361267
SSTASALGK,HLA-A*11:01,0.6205276906490326
TEVPANSTVL,HLA-B*40:01,0.6823070824146271
VYDPLQPEL,HLA-C*07:02,0.6841012239456177
PFHPLADNKF,HLA-A*24:02,0.6552640259265899
VLQLPQGTTL,HLA-A*02:01,0.6096852779388428
NIVNVSLVK,HLA-A*03:01,0.654650193452835
IYNDKVAGF,HLA-C*07:02,0.6494372725486756
ALSKGVHFV,HLA-A*02:01,0.6787265539169312
GVKHVYQLR,HLA-A*11:01,0.6204536080360412
KLDDKDPNFK,HLA-A*03:01,0.6682100653648376
TPKYKFVRI,HLA-B*08:01,0.6786992132663727
LVKPSFYVY,HLA-B*15:01,0.6410726845264435
FVKHKHAFL,HLA-B*08:01,0.6782609105110169
LIDLQELGKY,HLA-A*01:01,0.6632657051086426
FLLPSLATV,HLA-A*02:01,0.7034474313259125
VYFLQSINF,HLA-A*24:02,0.6384251177310943
YLKLRSDVL,HLA-B*08:01,0.7142138063907624
NLIIKNLSK,HLA-A*11:01,0.6358362138271332
NLIIKNLSK,HLA-A*03:01,0.6665742337703705
QLRARSVSPK,HLA-A*03:01,0.6730435132980347
EPKLGSLVV,HLA-B*07:02,0.6024001002311706
VLKGVKLHY,HLA-B*15:01,0.6442076206207276
TEAFEKMVSL,HLA-B*40:01,0.6960126042366028
SEPVLKGVKL,HLA-B*40:01,0.6801662564277648
YYQLYSTQL,HLA-C*07:02,0.6364706695079804
FYVYSRVKNL,HLA-A*24:02,0.6190378189086914
EPVLKGVKL,HLA-B*08:01,0.6512694835662842
GAKLKALNL,HLA-B*08:01,0.6758033692836761
DLKGKYVQI,HLA-B*08:01,0.6844902455806732
RLFRKSNLK,HLA-A*03:01,0.6972006678581237
EAFEKMVSL,HLA-B*08:01,0.655307275056839
VPMEKLKTL,HLA-B*08:01,0.6512366652488708
YQKVGMQKY,HLA-B*15:01,0.6632488608360291
IIKNLSKSL,HLA-B*08:01,0.6256318807601928
TLDSKTQSL,HLA-B*08:01,0.6455260932445526
