peptide,allele,Half-life (h)
NVFAFPFTIY,HLA-B*15:01,6.243821108061242
IEYPIIGDEL,HLA-B*40:01,1.6832029436737699
SELVIGAVIL,HLA-B*40:01,1.6449757707127541
GYINVFAFPF,HLA-A*24:02,68.67302449045258
IQYIDIGNY,HLA-B*15:01,4.49567310567104
FLAFVVFLL,HLA-A*02:01,3.6997686028942525
KVSIWNLDY,HLA-B*15:01,3.399199620473148
FIAGLIAIV,HLA-A*02:01,6.774324795775863
KLFAAETLK,HLA-A*03:01,62.84091947542538
VTLAILTALR,HLA-A*11:01,0.851888029275132
QYIKWPWYI,HLA-A*24:02,56.87367298331026
NPANNAAIVL,HLA-B*07:02,2.284941403869061
QRNAPRITF,HLA-C*07:02,0.9427960222923876
LEYHDVRVVL,HLA-B*40:01,2.011003616072499
SYFIASFRLF,HLA-A*24:02,68.96756393652844
YIDIGNYTV,HLA-A*02:01,10.873955922519368
KLLEQWNLV,HLA-A*02:01,49.91024792403027
EYHDVRVVL,HLA-C*07:02,0.7744348525786633
GTITVEELKK,HLA-A*11:01,51.70496527368808
VRFPNITNL,HLA-C*07:02,1.462847151937377
IRQEEVQEL,HLA-C*07:02,0.995933881515233
NYMPYFFTL,HLA-C*07:02,0.9085452730877399
GTGPEAGLPY,HLA-A*01:01,0.6783922865316991
RQEEVQELY,HLA-B*15:01,2.181806995556239
RQEEVQELY,HLA-A*01:01,0.40833894268144466
ASMPTTIAK,HLA-A*11:01,63.60273055298946
NRFLYIIKL,HLA-C*07:02,1.4350346395427165
TPINLVRDL,HLA-B*07:02,0.9012705036540372
RIAGHHLGR,HLA-A*03:01,2.5627698163871964
WLSYFIASF,HLA-B*15:01,1.1838327233521562
ATEGALNTPK,HLA-A*11:01,3.487604064295225
FIRQEEVQEL,HLA-A*02:01,0.6386193935677981
ASKIITLKK,HLA-A*11:01,2.3953421417065903
KKADETQAL,HLA-C*07:02,0.45554766917356904
MEVTPSGTWL,HLA-B*40:01,1.8936619610268874
SPDDQIGYY,HLA-A*01:01,0.47053117391637933
AEIVDTVSAL,HLA-B*40:01,2.5623044022936288
VYIGDPAQL,HLA-A*24:02,4.278633484184132
APHGHVMVEL,HLA-B*07:02,3.7104141859418163
AGDSGFAAY,HLA-A*01:01,0.5555696016525424
NESLIDLQEL,HLA-B*40:01,0.9187599681566925
FLYLYALVY,HLA-B*15:01,0.8268596457126346
APFLYLYAL,HLA-B*07:02,1.043191051910204
ASAFFGMSR,HLA-A*11:01,1.9997051450636427
FPFTIYSLLL,HLA-B*07:02,0.6700765385341114
SVLNDILSR,HLA-A*11:01,1.41058610583667
RPLLESELVI,HLA-B*07:02,1.1136140207953904
LTDEMIAQY,HLA-A*01:01,68.96756393652844
VTYVPAQEK,HLA-A*03:01,5.756614112875938
KTFPPTEPKK,HLA-A*03:01,3.3368938108068584
FPRGQGVPI,HLA-B*07:02,65.54207646638335
TTDPSFLGRY,HLA-A*01:01,68.96756393652844
KPSFYVYSRV,HLA-B*07:02,0.9696817900555583
LLNKHIDAY,HLA-B*15:01,4.633951263864299
LLLLDRLNQL,HLA-A*02:01,2.2841627657775363
HPLADNKFAL,HLA-B*07:02,2.5009415415312284
YEGNSPFHPL,HLA-B*40:01,1.4203530373243163
SSTASALGK,HLA-A*11:01,2.3290545552950634
TEVPANSTVL,HLA-B*40:01,1.6722255687431744
VYDPLQPEL,HLA-C*07:02,2.137942012407841
PFHPLADNKF,HLA-A*24:02,0.61881429485161
VLQLPQGTTL,HLA-A*02:01,0.5451719805802303
NIVNVSLVK,HLA-A*03:01,0.7017884244598184
IYNDKVAGF,HLA-C*07:02,1.3485971733936717
ALSKGVHFV,HLA-A*02:01,55.546508203104906
GVKHVYQLR,HLA-A*11:01,0.5449785101262736
KLDDKDPNFK,HLA-A*03:01,1.29638799298857
TPKYKFVRI,HLA-B*08:01,1.3151328619371374
LVKPSFYVY,HLA-B*15:01,7.313027798039042
FVKHKHAFL,HLA-B*08:01,2.4707381275220097
LIDLQELGKY,HLA-A*01:01,4.331441803909739
FLLPSLATV,HLA-A*02:01,68.96756393652844
VYFLQSINF,HLA-A*24:02,8.233756514959328
YLKLRSDVL,HLA-B*08:01,8.918181404543335
NLIIKNLSK,HLA-A*11:01,0.647892566804214
NLIIKNLSK,HLA-A*03:01,0.44699431973909043
QLRARSVSPK,HLA-A*03:01,2.1266424289926897
EPKLGSLVV,HLA-B*07:02,0.7340815975539791
VLKGVKLHY,HLA-B*15:01,5.245206836675669
TEAFEKMVSL,HLA-B*40:01,1.5676838630367989
SEPVLKGVKL,HLA-B*40:01,1.0725986139184982
YYQLYSTQL,HLA-C*07:02,1.1306787710947566
FYVYSRVKNL,HLA-A*24:02,0.5146192732434071
EPVLKGVKL,HLA-B*08:01,0.9074639384870465
GAKLKALNL,HLA-B*08:01,0.746275883336519
DLKGKYVQI,HLA-B*08:01,1.0078596970362144
RLFRKSNLK,HLA-A*03:01,68.96756393652844
EAFEKMVSL,HLA-B*08:01,1.3489131143848865
VPMEKLKTL,HLA-B*08:01,1.476660334393396
YQKVGMQKY,HLA-B*15:01,59.50197976450653
IIKNLSKSL,HLA-B*08:01,0.6783847904201751
TLDSKTQSL,HLA-B*08:01,0.9935393897133901
